price,product,product_description,product_id,category,time_stamp,card_name
170.52,Logitech MX Master 3,Advanced wireless mouse with ergonomic design,1cbaceb3-5e50-4534-8381-a678b8b68ce9,Electronics,2022-08-25,Matthew Carter
324.56,Canon EOS R6,20MP full-frame mirrorless camera with 4K video,72342b69-d46f-437f-b835-b5b87c57179b,Electronics,2023-03-19,Benjamin Lee
503.97,Sony Alpha a6400 Mirrorless Camera,24.2MP APS-C Exmor sensor w/ advanced processing,61210dae-3a0e-4503-b869-565f98710921,Electronics,2023-11-20,Chloe Harris
579.31,Nikon D7500 DSLR,20.9MP sensor with 4K UHD video capabilities,98d2aed8-28cc-4966-a237-a433fbf447e0,Electronics,2022-06-20,William Moore
883.34,Canon EOS R6,20MP full-frame mirrorless camera with 4K video,bf112bd6-c348-4f7f-837f-15cdd81270f0,Electronics,2023-06-09,Mark Richard
298.6,Sony Alpha a6400 Mirrorless Camera,24.2MP APS-C Exmor sensor w/ advanced processing,f645d8a0-0232-43ae-b8bb-0082456f642d,Electronics,2023-05-04,Sandra Bryant
183.45,JBL Flip 5,Portable waterproof Bluetooth speaker,38024cc2-9a8b-4508-bc13-4e46368cda59,Electronics,2022-06-12,Jennifer Diaz
266.81,Logitech MX Master 3,Advanced wireless mouse with ergonomic design,97f67106-b587-4a81-800a-ee34f068a4f4,Electronics,2022-05-30,Crystal Stewart
930.01,Samsung Galaxy Tab,"10.4"" display with minimal bezel and maximum view",b7de3f61-e49e-4093-9d6c-a8e0dc68d4de,Electronics,2024-11-13,Emma Davis
671.01,iPad Pro,"12.9"" Liquid Retina XDR display with M1 chip",359875f4-6fbd-42bf-9bec-e88cf607d164,Electronics,2022-01-09,Jennifer Diaz
549.56,Samsung QLED TV,4K UHD Smart TV with Quantum Dot technology,ae0cee3a-840c-4532-83ca-99ec96f5a557,Electronics,2022-08-06,Matthew Carter
291.24,Nikon D7500 DSLR,20.9MP sensor with 4K UHD video capabilities,e1d9b584-92b5-44d8-864d-bc0cd4a0f271,Electronics,2021-12-27,Angela Watson
873.77,Bose Noise Cancelling Headphones 700,Premium wireless headphones with adaptive noise cancelling,7d7873bd-6edc-45ae-9388-580e86ab2ebd,Electronics,2023-08-26,Angela Watson
553.83,Nikon D7500 DSLR,20.9MP sensor with 4K UHD video capabilities,110ada22-89ea-4e0c-9445-9a2d390ab684,Electronics,2023-01-23,Benjamin Lee
761.76,Sony WH-1000XM4,Industry-leading noise cancellation headphones,7830258f-38ae-49f1-a770-d482423ea613,Electronics,2022-09-09,Kerry Sharp
828.12,Canon EOS R6,20MP full-frame mirrorless camera with 4K video,36dad0ec-437f-4e38-95b5-7c1a4a3d0b2c,Electronics,2024-08-12,Henry Johnson
901.52,Dell XPS 13,"13.3"" UHD display with 11th Gen Intel Core processor",d5bd1b52-af4a-438d-ad4d-98f65ea7d378,Electronics,2022-01-09,Sophia Morgan
439.61,Logitech MX Master 3,Advanced wireless mouse with ergonomic design,29c4d2e2-c1af-442c-8384-dc994445f846,Electronics,2022-12-04,Elizabeth Hall
547.84,Anker PowerCore 20000,Ultra-high capacity portable charger with fast charging,b11dddc5-8884-46a6-aa98-21127a6dfa26,Electronics,2022-05-20,Sophia Morgan
271.0,Anker PowerCore 20000,Ultra-high capacity portable charger with fast charging,64722f08-501f-471c-8e6c-eb15aa168335,Electronics,2024-06-05,Elizabeth Hall
217.78,iPad Pro,"12.9"" Liquid Retina XDR display with M1 chip",04cdce85-9cb0-4c73-ab12-30cf4be977e2,Electronics,2024-08-11,Olivia Perez
640.15,Sony WH-1000XM4,Industry-leading noise cancellation headphones,5ec71690-0d19-43b0-9994-c546c578993b,Electronics,2024-05-19,Elizabeth Hall
488.66,Samsung Galaxy Tab,"10.4"" display with minimal bezel and maximum view",c6b47700-8415-49c4-b5f7-f6cd2d7f3330,Electronics,2022-02-11,Sophia Morgan
686.79,Ring Video Doorbell,1080p HD video doorbell with motion detection,5785f864-ac61-497e-97ff-c27418933b93,Electronics,2024-09-13,Nathan Scott
239.56,Canon EOS R6,20MP full-frame mirrorless camera with 4K video,d21cf831-749e-4bbe-bd35-81de0b8ecc75,Electronics,2024-07-17,William Moore
445.27,iPad Pro,"12.9"" Liquid Retina XDR display with M1 chip",a30dd8ec-bc22-40da-b12a-5ffbbbf1fdda,Electronics,2022-05-14,Henry Johnson
972.3,JBL Flip 5,Portable waterproof Bluetooth speaker,9e5215d5-17b3-457e-94f8-113426a32d1c,Electronics,2023-05-16,Matthew Carter
928.62,Sony WH-1000XM4,Industry-leading noise cancellation headphones,7fe039b0-cdfa-4654-ab4b-fb6a77d149d8,Electronics,2024-01-20,Angela Watson
317.27,Ring Video Doorbell,1080p HD video doorbell with motion detection,8ff4113a-a50b-42a7-bd31-04a453b9918c,Electronics,2023-08-26,Elizabeth Hall
889.83,Dyson V11 Vacuum,Cordless stick vacuum with powerful suction,4314f76b-3448-4c3e-b9bf-be4205de9bee,Electronics,2023-12-03,Jennifer Diaz
989.6,iPad Pro,"12.9"" Liquid Retina XDR display with M1 chip",fc0e992e-8b86-415b-a07e-281e1db6d39c,Electronics,2022-03-01,Elizabeth Hall
481.15,Samsung QLED TV,4K UHD Smart TV with Quantum Dot technology,8d5ffe54-ef0e-49c3-8aa6-e6569ccfa89d,Electronics,2023-01-23,Mia Thompson
265.69,Fitbit Charge 5,Advanced fitness tracker with stress management tools,96c3683a-cbce-4533-83ea-6210ac8256fc,Electronics,2022-12-18,Chloe Harris
877.74,Microsoft Surface Laptop 4,"13.5"" touchscreen with AMD Ryzen processor",1bd5cf4a-403e-414c-9180-11c162e11d63,Electronics,2024-06-19,Timothy Hughes
772.37,Nikon D7500 DSLR,20.9MP sensor with 4K UHD video capabilities,f9f76b7f-90e0-473f-94cd-5bd937a2e23e,Electronics,2023-10-13,Mark Richard
889.1,Nikon D7500 DSLR,20.9MP sensor with 4K UHD video capabilities,1a4b6049-48ce-4ddf-9f4e-3a2191b963ee,Electronics,2023-08-06,Emma Davis
515.12,Canon EOS R6,20MP full-frame mirrorless camera with 4K video,be254259-8608-4835-bb82-2ea7418a84a8,Electronics,2023-04-22,Benjamin Lee
832.71,Nikon D7500 DSLR,20.9MP sensor with 4K UHD video capabilities,3f91472a-cc2d-4e08-8494-c66b95c7bdcd,Electronics,2023-10-12,Mark Richard
270.26,Samsung QLED TV,4K UHD Smart TV with Quantum Dot technology,9fa78e0a-be4d-412d-a712-4455ca5d9007,Electronics,2024-03-17,Victor Collins
674.57,GoPro HERO10,5.3K video and 23MP photos with revolutionary processor,b846cbef-ed8f-4819-9d12-24c72a5bac64,Electronics,2023-11-05,James Taylor
867.86,Samsung QLED TV,4K UHD Smart TV with Quantum Dot technology,a0032b9f-58c5-4d29-b842-b1346f70c7c1,Electronics,2022-12-09,William Moore
992.7,Anker PowerCore 20000,Ultra-high capacity portable charger with fast charging,eef22280-4f9d-4d82-b092-46412431e8d1,Electronics,2024-07-17,Sandra Bryant
957.48,Kindle Paperwhite,"6.8"" display with adjustable warm light and waterproof design",765558cf-9341-44d6-b940-20b505016ba6,Electronics,2023-09-06,Angela Watson
312.35,Bose Noise Cancelling Headphones 700,Premium wireless headphones with adaptive noise cancelling,c6b4c846-b373-4d43-80b4-6613aa83992a,Electronics,2022-11-02,Victor Collins
160.23,Samsung QLED TV,4K UHD Smart TV with Quantum Dot technology,edf7d84f-458b-4bf7-8b81-754f84dacd50,Electronics,2023-04-26,William Moore
336.14,Logitech MX Master 3,Advanced wireless mouse with ergonomic design,25d7a9e2-4e71-418e-b4f5-7dcb31800385,Electronics,2022-11-13,Olivia Perez
287.33,Microsoft Surface Laptop 4,"13.5"" touchscreen with AMD Ryzen processor",68d940de-5d0b-4829-b846-536c845f717c,Electronics,2024-07-19,Matthew Carter
960.32,Anker PowerCore 20000,Ultra-high capacity portable charger with fast charging,34b89cd4-5c8a-47f3-89ab-526378d83a60,Electronics,2022-10-28,Nathan Scott
173.37,iPad Pro,"12.9"" Liquid Retina XDR display with M1 chip",a0c93357-a058-4c5a-83b1-61754b46cfab,Electronics,2022-07-02,Sandra Bryant
560.38,Logitech MX Master 3,Advanced wireless mouse with ergonomic design,7c8abc9c-8eac-4af8-874e-ddc7e753b739,Electronics,2024-06-23,Victor Collins
565.01,Microsoft Surface Laptop 4,"13.5"" touchscreen with AMD Ryzen processor",6cd15541-5d1c-4ddb-85ac-d5f7a28d71b5,Electronics,2022-10-21,Angela Watson
778.73,Sony WH-1000XM4,Industry-leading noise cancellation headphones,ccdee578-f0d2-4dc6-a577-f3b902a19dfe,Electronics,2024-04-30,Emma Davis
612.22,Anker PowerCore 20000,Ultra-high capacity portable charger with fast charging,166665f1-0640-49f9-9338-357ad820a920,Electronics,2024-02-26,Jennifer Diaz
377.24,Ring Video Doorbell,1080p HD video doorbell with motion detection,403488b5-6600-46cb-a61e-8a389f184acb,Electronics,2022-01-31,Angela Watson
732.89,Anker PowerCore 20000,Ultra-high capacity portable charger with fast charging,180a1729-8b0f-43e7-8ac4-92abebd0a01f,Electronics,2022-02-04,James Taylor
833.72,Samsung QLED TV,4K UHD Smart TV with Quantum Dot technology,c0d7abaf-11f0-4bfa-92bc-ed57dc3949cb,Electronics,2022-04-13,Mia Thompson
711.15,Kindle Paperwhite,"6.8"" display with adjustable warm light and waterproof design",fd540e4e-a649-4332-9486-4012305569b8,Electronics,2024-09-16,Nathan Scott
965.26,Ring Video Doorbell,1080p HD video doorbell with motion detection,7f3611f9-4d9b-495b-a5e7-d621262ce8a3,Electronics,2024-09-22,William Moore
355.92,JBL Flip 5,Portable waterproof Bluetooth speaker,a3f98b57-7f01-4a31-aa33-66ece7c2c4ee,Electronics,2022-07-03,Crystal Stewart
265.54,Fitbit Charge 5,Advanced fitness tracker with stress management tools,33659214-7c22-498c-a9fb-a8635ed7f917,Electronics,2024-11-29,Mark Richard
324.41,Apple Watch,The Apple Watch Series 6 lets you measure your health,638edc94-588c-4c98-936f-a77b4e63ca24,Electronics,2022-04-26,Sophia Morgan
543.67,Anker PowerCore 20000,Ultra-high capacity portable charger with fast charging,d54f6944-20b6-4422-be52-c22aaad618f9,Electronics,2023-01-11,James Taylor
160.46,Sony Alpha a6400 Mirrorless Camera,24.2MP APS-C Exmor sensor w/ advanced processing,9993ae0b-bf5e-403a-ac54-9f6e3c06d1ee,Electronics,2024-02-20,Elizabeth Hall
633.84,Kindle Paperwhite,"6.8"" display with adjustable warm light and waterproof design",eed83d30-5740-487a-acad-551206f10ea6,Electronics,2024-10-16,Kerry Sharp
267.83,Samsung QLED TV,4K UHD Smart TV with Quantum Dot technology,85bc61a4-1386-4179-9760-db40358b8687,Electronics,2024-09-21,Kerry Sharp
534.23,Dyson V11 Vacuum,Cordless stick vacuum with powerful suction,147a279e-503e-4b05-ac08-a807cfbe7b86,Electronics,2024-01-29,Olivia Perez
969.32,Apple Watch,The Apple Watch Series 6 lets you measure your health,425f8f23-e555-4e2f-bcd6-2f2a93cdf5b6,Electronics,2022-03-20,Timothy Hughes
752.1,Microsoft Surface Laptop 4,"13.5"" touchscreen with AMD Ryzen processor",37e2e791-9bea-4897-99e8-3e873c07c18e,Electronics,2024-11-17,Sandra Bryant
534.77,GoPro HERO10,5.3K video and 23MP photos with revolutionary processor,1f6052d9-a5da-461c-b932-97c190dd8a65,Electronics,2023-08-09,Olivia Perez
199.83,Samsung QLED TV,4K UHD Smart TV with Quantum Dot technology,b9bdd02d-6c8b-44a4-899c-2d132af3bff5,Electronics,2024-05-28,Jennifer Diaz
287.11,Kindle Paperwhite,"6.8"" display with adjustable warm light and waterproof design",fd487b50-dd87-470a-8d86-556d99223bbd,Electronics,2024-03-28,Angela Watson
689.86,Kindle Paperwhite,"6.8"" display with adjustable warm light and waterproof design",f9ff8891-bb52-4099-b15f-d61fa4aa06b0,Electronics,2024-04-20,Jennifer Diaz
904.12,Samsung Galaxy Tab,"10.4"" display with minimal bezel and maximum view",ed7cbbc4-662c-4c24-8714-80d8e0efc9c7,Electronics,2024-08-06,Angela Watson
898.29,iPad Pro,"12.9"" Liquid Retina XDR display with M1 chip",b68d25d4-4d92-443a-a6f2-7a3d58b3600c,Electronics,2024-04-17,Henry Johnson
466.67,iPad Pro,"12.9"" Liquid Retina XDR display with M1 chip",65392ec8-11b3-4d24-a3c1-8c8a39bc3836,Electronics,2023-02-14,Sophia Morgan
507.77,Dell XPS 13,"13.3"" UHD display with 11th Gen Intel Core processor",5ce6357e-fa17-45bf-be27-33598d639218,Electronics,2022-10-31,James Taylor
181.44,Ring Video Doorbell,1080p HD video doorbell with motion detection,68295f16-e61d-41c1-8b79-175acbfa3524,Electronics,2024-02-27,Olivia Perez
426.98,iPad Pro,"12.9"" Liquid Retina XDR display with M1 chip",708d3985-f528-4f23-951c-72cff7d01b11,Electronics,2022-03-11,Olivia Perez
673.68,Samsung QLED TV,4K UHD Smart TV with Quantum Dot technology,a7b5960c-150a-4827-89ed-6777284016e9,Electronics,2022-05-22,Henry Johnson
305.09,JBL Flip 5,Portable waterproof Bluetooth speaker,4f71d320-7e96-4c3b-b59f-3d46c2254218,Electronics,2024-07-10,Mark Richard
736.16,Nikon D7500 DSLR,20.9MP sensor with 4K UHD video capabilities,69178850-67c2-4dfb-9fa7-b05cb87f37bc,Electronics,2024-02-22,Mark Richard
812.71,GoPro HERO10,5.3K video and 23MP photos with revolutionary processor,f6ea21f8-4dc5-4add-8c87-3ae06d9cd648,Electronics,2024-01-09,Jennifer Diaz
953.47,Fitbit Charge 5,Advanced fitness tracker with stress management tools,cecd8916-39a7-4ea5-b7b6-6c5c85aab8f6,Electronics,2022-02-22,Chloe Harris
665.27,Samsung Galaxy Tab,"10.4"" display with minimal bezel and maximum view",4ff92d86-f426-4fd2-b57b-f3c80f536c41,Electronics,2022-12-23,Olivia Perez
212.62,Logitech MX Master 3,Advanced wireless mouse with ergonomic design,6e300942-4d9d-4e61-a520-8267cd87c79f,Electronics,2022-01-08,Crystal Stewart
400.92,Sony WH-1000XM4,Industry-leading noise cancellation headphones,c4fb43d6-2d42-4b9b-8309-80771067f81a,Electronics,2022-08-21,Benjamin Lee
303.68,Sony Alpha a6400 Mirrorless Camera,24.2MP APS-C Exmor sensor w/ advanced processing,301230a3-59b5-4cae-9160-6cf9c4d2aec7,Electronics,2023-05-02,Emma Davis
255.54,Apple MacBook Pro,"16"" display with M1 Pro chip and advanced thermal design",ba125d1a-3d0b-4d68-819b-8280e415eafd,Electronics,2024-10-23,James Taylor
990.39,Apple MacBook Pro,"16"" display with M1 Pro chip and advanced thermal design",32ab5b5d-9243-4aa3-9b97-0a2c07d95190,Electronics,2024-03-04,Olivia Perez
665.21,Dell XPS 13,"13.3"" UHD display with 11th Gen Intel Core processor",7a130b24-8cd8-493b-b0f2-d5d5cd382dbf,Electronics,2022-11-27,Angela Watson
412.61,Dell XPS 13,"13.3"" UHD display with 11th Gen Intel Core processor",d6ee10b6-4487-45bd-918c-5e8b9e3d5238,Electronics,2023-07-29,Mark Richard
381.93,Dyson V11 Vacuum,Cordless stick vacuum with powerful suction,8c1ecc8e-58f9-4c20-aa29-89a094cf67eb,Electronics,2023-02-23,Kerry Sharp
662.51,Sony Alpha a6400 Mirrorless Camera,24.2MP APS-C Exmor sensor w/ advanced processing,e8d89b8e-e7a3-4791-8dfe-9cd10b1ebdfc,Electronics,2024-11-30,Crystal Stewart
502.99,Apple MacBook Pro,"16"" display with M1 Pro chip and advanced thermal design",36948d11-b50b-44a3-b5c7-e25f21e65221,Electronics,2022-07-17,Emma Davis
804.24,Apple MacBook Pro,"16"" display with M1 Pro chip and advanced thermal design",51f36210-ba7a-4935-a9cc-96a067c06c8f,Electronics,2024-12-10,Jennifer Diaz
361.17,Samsung QLED TV,4K UHD Smart TV with Quantum Dot technology,a004dcf5-3f2a-4a3d-92e3-fdbc3d8f8e78,Electronics,2024-10-12,Benjamin Lee
632.21,Ring Video Doorbell,1080p HD video doorbell with motion detection,d663c054-786c-4e58-9d64-79ebbac19622,Electronics,2023-04-17,William Moore
222.48,JBL Flip 5,Portable waterproof Bluetooth speaker,343f0460-2853-48c3-b38a-e36b79a68913,Electronics,2024-06-27,Chloe Harris
985.52,Dell XPS 13,"13.3"" UHD display with 11th Gen Intel Core processor",12834592-4b87-458a-b214-c8610ae27a53,Electronics,2022-10-27,Matthew Carter
796.49,Dyson V11 Vacuum,Cordless stick vacuum with powerful suction,42aa38d4-cde2-4a93-b0c8-3e2948f99c5c,Electronics,2023-10-07,Sandra Bryant
740.72,Sony WH-1000XM4,Industry-leading noise cancellation headphones,a34d234c-7273-4056-b011-30e3aa32b977,Electronics,2024-11-27,Angela Watson
661.57,Apple Watch,The Apple Watch Series 6 lets you measure your health,ae617478-9936-41af-b41f-baf8a7081e98,Electronics,2022-08-13,Angela Watson
644.43,JBL Flip 5,Portable waterproof Bluetooth speaker,fb194163-889d-42e8-a4fa-2060119bbcfa,Electronics,2024-06-22,Matthew Carter
815.4,Anker PowerCore 20000,Ultra-high capacity portable charger with fast charging,181aa9e7-0720-491f-b60a-64cd0b55f63c,Electronics,2024-11-28,Matthew Carter
749.51,Dell XPS 13,"13.3"" UHD display with 11th Gen Intel Core processor",39202506-3723-43c8-a77b-5709aafaa2c3,Electronics,2023-06-12,Nathan Scott
802.76,Microsoft Surface Laptop 4,"13.5"" touchscreen with AMD Ryzen processor",a8a06c17-254f-4065-be37-8daeb878ae56,Electronics,2023-12-19,Jennifer Diaz
431.56,Sony WH-1000XM4,Industry-leading noise cancellation headphones,01f0360d-0f6b-41db-9f02-c8f8023b2e4a,Electronics,2022-07-11,Jennifer Diaz
978.58,Microsoft Surface Laptop 4,"13.5"" touchscreen with AMD Ryzen processor",40c427e4-2133-41b7-911e-f7a763c03b64,Electronics,2023-12-08,Nathan Scott
230.77,Kindle Paperwhite,"6.8"" display with adjustable warm light and waterproof design",e0e236c9-b613-403b-9c7b-7000f6b0225a,Electronics,2022-02-17,Kerry Sharp
504.96,Dell XPS 13,"13.3"" UHD display with 11th Gen Intel Core processor",2fc4eb95-fdf5-436a-9558-1c102a14b2ef,Electronics,2022-06-26,Timothy Hughes
325.13,Kindle Paperwhite,"6.8"" display with adjustable warm light and waterproof design",aaf8b15d-73d9-4cad-9609-15dc94d7244b,Electronics,2022-01-03,Emma Davis
585.6,Dell XPS 13,"13.3"" UHD display with 11th Gen Intel Core processor",83b40048-c2f1-4564-987e-899136e66cf5,Electronics,2022-10-16,Olivia Perez
855.63,Canon EOS R6,20MP full-frame mirrorless camera with 4K video,1aa252eb-21af-4421-bb65-399eb0c61ff9,Electronics,2023-11-24,Angela Watson
418.52,Dell XPS 13,"13.3"" UHD display with 11th Gen Intel Core processor",0716dfbe-4ed0-4b70-a4b2-13b7470071d9,Electronics,2022-08-04,Matthew Carter
273.53,Canon EOS R6,20MP full-frame mirrorless camera with 4K video,f812a3df-463d-49fa-afae-6b19fb40aa76,Electronics,2023-05-28,Benjamin Lee
495.22,Samsung Galaxy Tab,"10.4"" display with minimal bezel and maximum view",be14b075-58d8-458d-b937-a91ac5eccf98,Electronics,2022-07-01,Olivia Perez
382.15,JBL Flip 5,Portable waterproof Bluetooth speaker,7c6d7a90-27e3-448c-a2a2-addfbf4d1366,Electronics,2023-03-23,Emma Davis
186.56,Ring Video Doorbell,1080p HD video doorbell with motion detection,3031cad4-d741-423e-b0d8-e80f121984d2,Electronics,2023-12-12,Benjamin Lee
458.06,Sony Alpha a6400 Mirrorless Camera,24.2MP APS-C Exmor sensor w/ advanced processing,afd1c8f4-f498-4449-81d4-07f428aa4e4a,Electronics,2022-05-07,Mia Thompson
184.07,Samsung QLED TV,4K UHD Smart TV with Quantum Dot technology,74cf4f18-de7d-44fb-9334-35fbb2ab2c6b,Electronics,2023-09-23,Emma Davis
606.07,Ring Video Doorbell,1080p HD video doorbell with motion detection,80bb3e6e-69b1-49e8-923f-fa1fb8bcbcb4,Electronics,2022-10-12,Emma Davis
466.24,Samsung QLED TV,4K UHD Smart TV with Quantum Dot technology,1d202c2d-93d1-4fc1-94fe-2574089de818,Electronics,2024-08-18,Victor Collins
526.25,Sony WH-1000XM4,Industry-leading noise cancellation headphones,dbf67a07-3283-42b7-99fd-8813ad167bcf,Electronics,2024-08-26,Victor Collins
215.0,Dyson V11 Vacuum,Cordless stick vacuum with powerful suction,8d664bb6-cffc-4b97-b28a-77d6e596fc59,Electronics,2022-07-30,Sandra Bryant
640.26,Samsung QLED TV,4K UHD Smart TV with Quantum Dot technology,3e6365ea-409c-40b5-b826-76ebcd7f6e34,Electronics,2023-02-03,James Taylor
302.17,GoPro HERO10,5.3K video and 23MP photos with revolutionary processor,226036cc-289a-4e0c-a63c-45c3c69518d4,Electronics,2024-07-12,Mia Thompson
664.41,Apple MacBook Pro,"16"" display with M1 Pro chip and advanced thermal design",4bb34b97-6af9-4f07-83a7-af7350c87a6b,Electronics,2022-01-24,Chloe Harris
881.6,Fitbit Charge 5,Advanced fitness tracker with stress management tools,5563f4d9-84ac-468a-98a5-3cd61f564e64,Electronics,2023-07-12,James Taylor
553.34,Samsung Galaxy Tab,"10.4"" display with minimal bezel and maximum view",40d30a6b-b973-4c1a-bbbd-de7073ad2618,Electronics,2022-12-21,Emma Davis
307.31,Anker PowerCore 20000,Ultra-high capacity portable charger with fast charging,7a669c9e-a931-4b21-87b3-4a323387f66a,Electronics,2023-03-08,Elizabeth Hall
694.28,Logitech MX Master 3,Advanced wireless mouse with ergonomic design,3ee29204-b59d-43a2-a190-acbab3c8d25f,Electronics,2024-03-24,Matthew Carter
639.26,JBL Flip 5,Portable waterproof Bluetooth speaker,4752800c-16b6-4751-84de-bdfda2d9ea9b,Electronics,2024-04-10,Sandra Bryant
454.41,Dell XPS 13,"13.3"" UHD display with 11th Gen Intel Core processor",bd7ec9d2-9151-431b-a729-ea64be66f0f7,Electronics,2022-04-26,Nathan Scott
839.57,Apple MacBook Pro,"16"" display with M1 Pro chip and advanced thermal design",f0613faa-e7b4-4fd4-b0b9-847e7a994444,Electronics,2024-11-25,William Moore
863.3,Samsung QLED TV,4K UHD Smart TV with Quantum Dot technology,0f0b785b-f23c-4395-95ce-3b4f56e6305b,Electronics,2023-06-19,Mark Richard
469.56,Bose Noise Cancelling Headphones 700,Premium wireless headphones with adaptive noise cancelling,ddf74ed2-c3a9-462b-98e3-d63ee3d49e53,Electronics,2023-07-15,James Taylor
272.46,Samsung QLED TV,4K UHD Smart TV with Quantum Dot technology,c043eda0-848f-4d0a-8f6d-cd55579364ed,Electronics,2024-10-22,Henry Johnson
176.52,Apple Watch,The Apple Watch Series 6 lets you measure your health,aaf2c0e5-f2af-4d02-ac6d-0a50941cb581,Electronics,2023-04-19,Mark Richard
863.91,Dell XPS 13,"13.3"" UHD display with 11th Gen Intel Core processor",26a31467-612b-4866-9c3e-758539199f9a,Electronics,2023-03-18,Matthew Carter
794.55,Samsung Galaxy Tab,"10.4"" display with minimal bezel and maximum view",abbd1995-d9d6-4c57-948f-2b9a2bdc0a11,Electronics,2024-03-14,Benjamin Lee
643.23,Fitbit Charge 5,Advanced fitness tracker with stress management tools,33bbd6aa-f88a-431a-9e3c-ee7f8bae537e,Electronics,2023-09-05,Victor Collins
889.32,Logitech MX Master 3,Advanced wireless mouse with ergonomic design,636d7160-f1a7-420b-b9da-efdd38c7ee06,Electronics,2022-04-25,Henry Johnson
315.72,Dyson V11 Vacuum,Cordless stick vacuum with powerful suction,8d77f466-10cb-4ea1-b615-cbfa3fd263ba,Electronics,2023-03-20,Benjamin Lee
348.92,Dell XPS 13,"13.3"" UHD display with 11th Gen Intel Core processor",a7993f65-e23f-4315-9371-4034e516ef07,Electronics,2023-03-16,Kerry Sharp
907.55,Sony Alpha a6400 Mirrorless Camera,24.2MP APS-C Exmor sensor w/ advanced processing,2992fd74-7195-4b97-bee0-766a7da3e20a,Electronics,2022-10-03,Sandra Bryant
202.37,Fitbit Charge 5,Advanced fitness tracker with stress management tools,5f8aac1c-585c-4a99-b327-36a24bf7db07,Electronics,2022-11-19,William Moore
436.24,Anker PowerCore 20000,Ultra-high capacity portable charger with fast charging,00de0cb3-c95c-46b1-ab52-93278a0214c3,Electronics,2023-07-20,Kerry Sharp
732.66,JBL Flip 5,Portable waterproof Bluetooth speaker,f4cbce41-48e5-40e7-b880-b36d5859d18e,Electronics,2023-07-31,Mia Thompson
180.62,Nikon D7500 DSLR,20.9MP sensor with 4K UHD video capabilities,36ff4a44-a419-4a27-909e-461d237272f6,Electronics,2023-08-11,Chloe Harris
250.84,GoPro HERO10,5.3K video and 23MP photos with revolutionary processor,bd9013af-1813-422a-8771-fb880257ad31,Electronics,2022-11-22,Chloe Harris
854.48,Microsoft Surface Laptop 4,"13.5"" touchscreen with AMD Ryzen processor",7a9c283f-a1c5-445a-b9f3-427fcc2a4b95,Electronics,2022-03-19,Kerry Sharp
762.99,Canon EOS R6,20MP full-frame mirrorless camera with 4K video,5f7ba976-f638-4b3b-8ded-30fa189f0f08,Electronics,2023-12-10,William Moore
276.82,Dyson V11 Vacuum,Cordless stick vacuum with powerful suction,bae0fd8b-507d-4cc5-a140-88b9b5a7c85a,Electronics,2023-01-24,Sophia Morgan
996.88,Apple Watch,The Apple Watch Series 6 lets you measure your health,106e668a-28d9-4cab-a6b6-d726ac004216,Electronics,2024-04-13,Timothy Hughes
204.05,Microsoft Surface Laptop 4,"13.5"" touchscreen with AMD Ryzen processor",8c5031ca-25a0-4534-a9a2-5db742c099f4,Electronics,2024-01-21,Benjamin Lee
281.7,JBL Flip 5,Portable waterproof Bluetooth speaker,93fb1171-56e7-4766-be09-22fa93678e85,Electronics,2023-09-18,Jennifer Diaz
709.34,iPad Pro,"12.9"" Liquid Retina XDR display with M1 chip",40d7332c-3490-49d1-8735-3f2627ec4922,Electronics,2024-02-04,Kerry Sharp
824.64,Apple Watch,The Apple Watch Series 6 lets you measure your health,a9574cd0-4f87-40d6-9521-45f834a6aecb,Electronics,2024-09-01,Kerry Sharp
406.9,Ring Video Doorbell,1080p HD video doorbell with motion detection,76e3f52a-25d0-4847-968f-b2a338a5c1a4,Electronics,2024-04-14,Mark Richard
527.83,Bose Noise Cancelling Headphones 700,Premium wireless headphones with adaptive noise cancelling,ea027de4-c3c4-4131-9957-961fc424fdbe,Electronics,2022-04-25,Nathan Scott
299.45,Anker PowerCore 20000,Ultra-high capacity portable charger with fast charging,a7986cbb-9a09-4705-8995-6856b389455a,Electronics,2022-12-22,Emma Davis
645.19,Fitbit Charge 5,Advanced fitness tracker with stress management tools,02b2d9a4-2631-4230-afe1-16454dea2e24,Electronics,2022-12-02,Elizabeth Hall
502.19,Kindle Paperwhite,"6.8"" display with adjustable warm light and waterproof design",f87e2797-f88b-4597-af50-ab99ada610a3,Electronics,2023-08-20,Victor Collins
173.49,Apple MacBook Pro,"16"" display with M1 Pro chip and advanced thermal design",f1c90ebb-3e78-4d7c-8a1f-bab95d178567,Electronics,2023-03-07,Kerry Sharp
316.37,Kindle Paperwhite,"6.8"" display with adjustable warm light and waterproof design",d2d94b5f-fe99-4ca4-a6e4-299cc4964abf,Electronics,2024-07-05,Victor Collins
486.49,Microsoft Surface Laptop 4,"13.5"" touchscreen with AMD Ryzen processor",073bc877-8610-444f-a796-7d094563359f,Electronics,2022-08-13,Sophia Morgan
391.16,Samsung QLED TV,4K UHD Smart TV with Quantum Dot technology,6f42bbf2-b129-4db3-8582-191ec2db52f0,Electronics,2022-11-02,Olivia Perez
967.29,Sony Alpha a6400 Mirrorless Camera,24.2MP APS-C Exmor sensor w/ advanced processing,3b531349-0668-4998-843f-b7fdb9cb5d62,Electronics,2022-06-16,Jennifer Diaz
784.61,Canon EOS R6,20MP full-frame mirrorless camera with 4K video,38db7c82-cfb9-44a1-b398-7dc6371e6e98,Electronics,2023-07-09,Timothy Hughes
511.79,Apple Watch,The Apple Watch Series 6 lets you measure your health,733b0a95-7a7c-4550-a6b7-c7881d9b35f4,Electronics,2022-09-03,Emma Davis
746.9,Fitbit Charge 5,Advanced fitness tracker with stress management tools,154b832a-c2fb-43e5-a217-2f7af4b1d25a,Electronics,2024-01-07,Sophia Morgan
517.68,Apple MacBook Pro,"16"" display with M1 Pro chip and advanced thermal design",459971a8-5ad8-4e51-a2ba-aca5ed41c18f,Electronics,2024-08-07,Matthew Carter
988.67,Sony WH-1000XM4,Industry-leading noise cancellation headphones,9f05ffac-1994-4dfc-96ae-e29dec36ed97,Electronics,2022-03-03,Henry Johnson
588.96,Dell XPS 13,"13.3"" UHD display with 11th Gen Intel Core processor",76bf9bbf-8e37-4f57-b7ec-fdff1a57c5b4,Electronics,2022-03-15,Chloe Harris
999.82,Apple Watch,The Apple Watch Series 6 lets you measure your health,44f47717-9745-4e46-a7b8-f7718e20b876,Electronics,2024-06-28,Benjamin Lee
779.4,Apple Watch,The Apple Watch Series 6 lets you measure your health,ed9a0a2d-30da-416c-a4db-7209ae263010,Electronics,2023-10-28,Timothy Hughes
894.21,Fitbit Charge 5,Advanced fitness tracker with stress management tools,b74a8cdb-970e-4716-96a5-b0c22a398875,Electronics,2023-06-26,Henry Johnson
170.89,Logitech MX Master 3,Advanced wireless mouse with ergonomic design,faaeabc3-5e2f-402c-acd0-8c280a261cf7,Electronics,2024-07-09,Elizabeth Hall
407.98,GoPro HERO10,5.3K video and 23MP photos with revolutionary processor,1e07cf8a-3bf8-46a3-8702-fb17f74fe59d,Electronics,2023-09-14,William Moore
583.91,iPad Pro,"12.9"" Liquid Retina XDR display with M1 chip",181c06e5-671b-4a37-8f67-303aacfeb306,Electronics,2023-05-29,Matthew Carter
574.19,Anker PowerCore 20000,Ultra-high capacity portable charger with fast charging,990c26ff-bee3-442d-a886-36e37ebbfbb2,Electronics,2023-04-29,Elizabeth Hall
500.45,Dyson V11 Vacuum,Cordless stick vacuum with powerful suction,1a1ab223-aa15-4de6-87b6-ceec00b98e07,Electronics,2023-06-16,Elizabeth Hall
431.89,Fitbit Charge 5,Advanced fitness tracker with stress management tools,6ab8fc2f-c3dc-4754-80ad-5263bcba92be,Electronics,2024-03-09,Kerry Sharp
720.91,Ring Video Doorbell,1080p HD video doorbell with motion detection,c868718b-33b4-4c05-ad30-46db696a337b,Electronics,2024-10-26,Emma Davis
235.76,Nikon D7500 DSLR,20.9MP sensor with 4K UHD video capabilities,23896618-28c1-4cba-a8ef-2db0219bcaad,Electronics,2024-04-25,Kerry Sharp
438.81,Canon EOS R6,20MP full-frame mirrorless camera with 4K video,790bfc99-3888-4db7-bf3a-78ba567bca99,Electronics,2023-03-22,Henry Johnson
746.47,Canon EOS R6,20MP full-frame mirrorless camera with 4K video,b8a07789-8ea6-4f77-8cc4-76c08e332c89,Electronics,2023-10-13,Sophia Morgan
855.4,Samsung QLED TV,4K UHD Smart TV with Quantum Dot technology,a91f1447-2cc8-480a-b416-971cf98cdc58,Electronics,2024-09-05,Sophia Morgan
876.75,Apple MacBook Pro,"16"" display with M1 Pro chip and advanced thermal design",a5c0b421-d652-4f7b-aadd-bbc246bd8426,Electronics,2024-05-28,Sophia Morgan
641.17,Microsoft Surface Laptop 4,"13.5"" touchscreen with AMD Ryzen processor",64db4fdd-898f-4b9b-89d5-0debc5a80edd,Electronics,2022-11-24,Kerry Sharp
707.69,Anker PowerCore 20000,Ultra-high capacity portable charger with fast charging,82459d44-88e4-43c2-b11c-a4a811549383,Electronics,2022-08-07,Benjamin Lee
554.8,GoPro HERO10,5.3K video and 23MP photos with revolutionary processor,8665f688-67d3-4eba-86be-5ac82c57cc01,Electronics,2022-10-26,Matthew Carter
237.07,Anker PowerCore 20000,Ultra-high capacity portable charger with fast charging,8fed0dd8-8525-4882-8c61-50f9ed79fdcc,Electronics,2023-06-21,Nathan Scott
526.4,Kindle Paperwhite,"6.8"" display with adjustable warm light and waterproof design",4506247d-0749-422e-9da0-8c724639300e,Electronics,2023-08-18,Angela Watson
479.03,Anker PowerCore 20000,Ultra-high capacity portable charger with fast charging,387b0769-1870-4c70-af05-31ced6cd99fb,Electronics,2022-12-10,Angela Watson
455.06,Microsoft Surface Laptop 4,"13.5"" touchscreen with AMD Ryzen processor",cf8dbffd-c992-444c-abcb-d0e7e311ad71,Electronics,2022-04-05,Jennifer Diaz
299.98,iPad Pro,"12.9"" Liquid Retina XDR display with M1 chip",1be9ecc1-ea3b-4510-bd4b-19e30035e547,Electronics,2022-10-20,Matthew Carter
405.82,Microsoft Surface Laptop 4,"13.5"" touchscreen with AMD Ryzen processor",7f36e576-7257-43be-8754-b15ffc91c2fc,Electronics,2022-12-12,Crystal Stewart
706.31,Canon EOS R6,20MP full-frame mirrorless camera with 4K video,901a619e-f71e-4547-a0eb-5ee09d08f019,Electronics,2022-05-20,Sophia Morgan
289.71,Ring Video Doorbell,1080p HD video doorbell with motion detection,fd8dd9d6-52d2-4b45-93b0-8223c007e7b8,Electronics,2024-05-16,Nathan Scott
988.01,JBL Flip 5,Portable waterproof Bluetooth speaker,d384d7de-edb8-4288-b1ab-10bcbee3b479,Electronics,2022-02-23,Mark Richard
908.81,Kindle Paperwhite,"6.8"" display with adjustable warm light and waterproof design",849753ba-f45f-4e3f-a798-a8ebfa099510,Electronics,2022-07-06,Matthew Carter
301.16,Sony Alpha a6400 Mirrorless Camera,24.2MP APS-C Exmor sensor w/ advanced processing,64489097-05e6-4ae3-bda7-84954995dbcf,Electronics,2022-12-26,Sandra Bryant
687.49,Sony WH-1000XM4,Industry-leading noise cancellation headphones,190466d8-717e-42e0-a3e3-52143f32a984,Electronics,2024-04-26,Angela Watson
423.11,Canon EOS R6,20MP full-frame mirrorless camera with 4K video,70a78c94-431f-45b7-ad4a-7520b76493b7,Electronics,2022-06-15,Kerry Sharp
235.35,Apple MacBook Pro,"16"" display with M1 Pro chip and advanced thermal design",215915cf-cbc3-4305-9ec9-1c695a80a353,Electronics,2022-03-20,Benjamin Lee
268.77,Kindle Paperwhite,"6.8"" display with adjustable warm light and waterproof design",c7311ca8-cf66-4d5f-95a5-a5e2da54d564,Electronics,2022-12-06,Timothy Hughes
430.28,Sony Alpha a6400 Mirrorless Camera,24.2MP APS-C Exmor sensor w/ advanced processing,74ff60a8-c9e9-47ae-8357-330768fbf5bb,Electronics,2022-01-24,Mia Thompson
855.32,Bose Noise Cancelling Headphones 700,Premium wireless headphones with adaptive noise cancelling,c13f0b88-842c-401e-81ab-4b6a8fa94de4,Electronics,2022-07-07,Angela Watson
194.04,Microsoft Surface Laptop 4,"13.5"" touchscreen with AMD Ryzen processor",a8340528-fb3c-49b7-8823-0b80d473e497,Electronics,2022-04-03,Jennifer Diaz
393.28,Bose Noise Cancelling Headphones 700,Premium wireless headphones with adaptive noise cancelling,a460f88f-45e7-4744-ad7c-7499656a3cab,Electronics,2023-12-02,Sophia Morgan
882.79,Kindle Paperwhite,"6.8"" display with adjustable warm light and waterproof design",54d43c49-a68f-49ca-aa47-308adef0231a,Electronics,2024-01-05,Henry Johnson
236.53,Logitech MX Master 3,Advanced wireless mouse with ergonomic design,452e4b8e-e40f-4284-8299-65b9c22a3292,Electronics,2024-03-22,Mark Richard
341.1,Samsung Galaxy Tab,"10.4"" display with minimal bezel and maximum view",1e9f7cda-66f0-4961-b290-cd356e8801e6,Electronics,2023-09-23,Nathan Scott
539.18,Microsoft Surface Laptop 4,"13.5"" touchscreen with AMD Ryzen processor",8f7e99bf-4240-4f46-9575-f74b4e53e668,Electronics,2023-07-19,Benjamin Lee
463.75,Anker PowerCore 20000,Ultra-high capacity portable charger with fast charging,70a0b8d9-c906-4719-9442-14878abe3fcb,Electronics,2022-02-03,Mark Richard
481.66,Dyson V11 Vacuum,Cordless stick vacuum with powerful suction,cd0d895e-3e4e-46c3-b7ce-defcd8b9a55c,Electronics,2022-10-16,Timothy Hughes
359.72,Microsoft Surface Laptop 4,"13.5"" touchscreen with AMD Ryzen processor",d01a355b-2d92-4573-bcfb-754cb856c5d5,Electronics,2024-06-30,Victor Collins
217.5,Sony Alpha a6400 Mirrorless Camera,24.2MP APS-C Exmor sensor w/ advanced processing,1cbcdcc0-d1e2-4ebf-84eb-1bf3eea8691c,Electronics,2024-03-31,Timothy Hughes
786.1,GoPro HERO10,5.3K video and 23MP photos with revolutionary processor,af7d93ba-4621-456e-a48a-3ea4c542bcae,Electronics,2024-09-29,Emma Davis
265.26,iPad Pro,"12.9"" Liquid Retina XDR display with M1 chip",891f6c7f-208e-40c8-838f-dbef4021b0a9,Electronics,2023-10-09,Victor Collins
427.56,GoPro HERO10,5.3K video and 23MP photos with revolutionary processor,4e8f968a-4dec-41c0-ac9d-c410c8c50732,Electronics,2024-12-15,Olivia Perez
597.78,Samsung Galaxy Tab,"10.4"" display with minimal bezel and maximum view",e5031a26-096c-4884-b3dd-54e29f106ab3,Electronics,2022-06-16,James Taylor
979.74,Dell XPS 13,"13.3"" UHD display with 11th Gen Intel Core processor",1ccbc29c-eee4-40c3-af43-51080e0df3bc,Electronics,2024-08-14,Nathan Scott
348.91,Samsung QLED TV,4K UHD Smart TV with Quantum Dot technology,000b479d-5661-4c6a-813a-cac22a0fcefb,Electronics,2023-04-09,Chloe Harris
655.64,Sony WH-1000XM4,Industry-leading noise cancellation headphones,bb6231c8-9c61-45f7-bfc4-706574388bf5,Electronics,2023-09-16,Victor Collins
583.12,Apple Watch,The Apple Watch Series 6 lets you measure your health,c775076a-cc99-4e07-9d74-c7e7a900b9c4,Electronics,2024-02-23,Nathan Scott
638.95,Sony Alpha a6400 Mirrorless Camera,24.2MP APS-C Exmor sensor w/ advanced processing,24b043b4-644c-4308-8097-9477433b122e,Electronics,2024-04-09,Elizabeth Hall
245.41,Samsung QLED TV,4K UHD Smart TV with Quantum Dot technology,886b0b30-f503-4947-96c1-f6ace08a44a5,Electronics,2024-06-17,Chloe Harris
257.76,Anker PowerCore 20000,Ultra-high capacity portable charger with fast charging,9988c85d-916f-4d39-9a90-9a90f2c41c06,Electronics,2024-11-15,Mia Thompson
599.11,Kindle Paperwhite,"6.8"" display with adjustable warm light and waterproof design",07f8b03b-0101-496e-a872-59aaa4add903,Electronics,2023-12-19,Timothy Hughes
964.54,Apple MacBook Pro,"16"" display with M1 Pro chip and advanced thermal design",1daf7e6e-9281-44dd-971a-7ce60e19b48e,Electronics,2024-05-12,Henry Johnson
779.45,Sony Alpha a6400 Mirrorless Camera,24.2MP APS-C Exmor sensor w/ advanced processing,fb3d2049-a3de-4e58-bcdf-e3ff65d1c0a3,Electronics,2022-03-13,Kerry Sharp
605.82,iPad Pro,"12.9"" Liquid Retina XDR display with M1 chip",10e37c16-5123-4b41-a06c-27502b876e45,Electronics,2024-07-06,Sophia Morgan
534.03,Sony Alpha a6400 Mirrorless Camera,24.2MP APS-C Exmor sensor w/ advanced processing,e54a0e56-4b31-47dd-b1d9-342468dd7cab,Electronics,2022-04-24,Emma Davis
683.55,Apple Watch,The Apple Watch Series 6 lets you measure your health,ceea3e64-ba7c-4a78-a141-c0ba1ba75f7f,Electronics,2024-03-11,Elizabeth Hall
922.97,Samsung Galaxy Tab,"10.4"" display with minimal bezel and maximum view",2978a232-2e20-4007-baea-ff96de3ddf12,Electronics,2024-10-10,Mark Richard
925.58,Anker PowerCore 20000,Ultra-high capacity portable charger with fast charging,42ab6e2f-fda8-440a-a5d3-44d9b6fa1550,Electronics,2024-05-14,Henry Johnson
850.53,iPad Pro,"12.9"" Liquid Retina XDR display with M1 chip",1be95f3f-13c2-4dc9-983a-72313c380162,Electronics,2022-06-05,Sophia Morgan
892.54,Canon EOS R6,20MP full-frame mirrorless camera with 4K video,00b04fd4-2399-4c61-a147-242f4574ff6e,Electronics,2023-11-29,Matthew Carter
349.02,Canon EOS R6,20MP full-frame mirrorless camera with 4K video,536a432c-208b-4434-b86f-639a58cb598a,Electronics,2024-04-26,James Taylor
257.51,Canon EOS R6,20MP full-frame mirrorless camera with 4K video,0af60919-f00a-433e-a66c-456c225032be,Electronics,2023-10-20,Emma Davis
632.33,Logitech MX Master 3,Advanced wireless mouse with ergonomic design,111b9646-cdcb-4769-b11d-92494c795669,Electronics,2022-02-18,Victor Collins
223.67,Kindle Paperwhite,"6.8"" display with adjustable warm light and waterproof design",88472026-bf1b-4441-a886-884642519917,Electronics,2024-09-01,Victor Collins
707.23,Bose Noise Cancelling Headphones 700,Premium wireless headphones with adaptive noise cancelling,3613a81f-d9ef-4e74-85f6-a953ec56d5b7,Electronics,2024-03-11,Kerry Sharp
259.68,iPad Pro,"12.9"" Liquid Retina XDR display with M1 chip",9af1255d-a647-4148-82ee-74b4d23ac104,Electronics,2024-09-24,Henry Johnson
167.35,Nikon D7500 DSLR,20.9MP sensor with 4K UHD video capabilities,9dbd90ea-2ff3-4aa3-895f-507520350a52,Electronics,2024-09-06,Sophia Morgan
591.22,iPad Pro,"12.9"" Liquid Retina XDR display with M1 chip",ba3f1448-0a17-409c-88c5-c99b68f308d2,Electronics,2024-07-22,James Taylor
977.53,Nikon D7500 DSLR,20.9MP sensor with 4K UHD video capabilities,c1d05853-d3ed-4503-9863-3d24047804de,Electronics,2024-10-31,Matthew Carter
718.85,Dell XPS 13,"13.3"" UHD display with 11th Gen Intel Core processor",befb2e53-23c5-4547-b737-eb4b54d79929,Electronics,2023-11-20,Matthew Carter
849.99,Apple Watch,The Apple Watch Series 6 lets you measure your health,29b733db-0b19-4bd8-9ac6-9a0b9a4d8099,Electronics,2024-12-01,Kerry Sharp
191.58,Microsoft Surface Laptop 4,"13.5"" touchscreen with AMD Ryzen processor",e4a70f5f-e6df-44b6-9f9c-7e5fd3f196a2,Electronics,2022-02-25,Emma Davis
719.44,GoPro HERO10,5.3K video and 23MP photos with revolutionary processor,1388ad48-957c-4ed1-97f3-8d983d3846d3,Electronics,2022-11-02,William Moore
888.13,Logitech MX Master 3,Advanced wireless mouse with ergonomic design,e769f1b7-71ec-4016-8e44-5dfc44b4d37a,Electronics,2022-12-04,Sophia Morgan
183.44,Kindle Paperwhite,"6.8"" display with adjustable warm light and waterproof design",fd754c37-763e-49e0-a86c-de9d486a0d4f,Electronics,2024-07-14,Benjamin Lee
957.8,Fitbit Charge 5,Advanced fitness tracker with stress management tools,40c4784a-26f5-4c2b-a98c-42784cf0007a,Electronics,2022-01-16,Timothy Hughes
563.18,Microsoft Surface Laptop 4,"13.5"" touchscreen with AMD Ryzen processor",80df1cc7-4fc6-4ba5-b226-c56992bb272f,Electronics,2022-11-20,Jennifer Diaz
166.84,Nikon D7500 DSLR,20.9MP sensor with 4K UHD video capabilities,07fc93c5-93e6-43d8-8d02-efcfdca68542,Electronics,2022-04-12,Emma Davis
672.55,JBL Flip 5,Portable waterproof Bluetooth speaker,ce5b2a77-8ca9-4394-bc20-cd880577b3b3,Electronics,2023-10-29,Kerry Sharp
160.48,Nikon D7500 DSLR,20.9MP sensor with 4K UHD video capabilities,3ddd5b18-4405-4e8e-a065-23f732ac3a48,Electronics,2022-08-27,Chloe Harris
309.57,GoPro HERO10,5.3K video and 23MP photos with revolutionary processor,933475cf-f081-4189-9339-6dd72e993991,Electronics,2024-10-04,Benjamin Lee
667.7,Bose Noise Cancelling Headphones 700,Premium wireless headphones with adaptive noise cancelling,19aa61b3-13db-4d02-aafd-b875bd667c1f,Electronics,2022-03-30,Mia Thompson
713.54,Sony WH-1000XM4,Industry-leading noise cancellation headphones,f6800964-f95f-4e9c-846c-6c84ed34cff0,Electronics,2024-08-01,Victor Collins
348.31,Sony Alpha a6400 Mirrorless Camera,24.2MP APS-C Exmor sensor w/ advanced processing,9c0ba23f-3794-4dfa-b97d-cb8c3d154dcc,Electronics,2022-10-19,Kerry Sharp
168.27,GoPro HERO10,5.3K video and 23MP photos with revolutionary processor,6eb1da6d-4c38-43b0-a728-2566a15e1550,Electronics,2022-04-20,Olivia Perez
967.38,iPad Pro,"12.9"" Liquid Retina XDR display with M1 chip",cd74214f-8472-44c3-8864-2640319ace3a,Electronics,2022-04-13,Elizabeth Hall
737.04,iPad Pro,"12.9"" Liquid Retina XDR display with M1 chip",9c8530c4-1342-4d40-bba9-9c550dd29e5b,Electronics,2023-10-12,Nathan Scott
676.33,Dyson V11 Vacuum,Cordless stick vacuum with powerful suction,442d483e-165c-49c8-8506-de7e1aee56d5,Electronics,2022-09-20,Sandra Bryant
285.07,GoPro HERO10,5.3K video and 23MP photos with revolutionary processor,ddf65e3d-501c-4fd5-ba63-5ad0b2fb0ac1,Electronics,2024-03-01,Sandra Bryant
685.09,Bose Noise Cancelling Headphones 700,Premium wireless headphones with adaptive noise cancelling,7705ede4-64d3-4df4-adc6-da1dd14c55b8,Electronics,2023-05-21,Crystal Stewart
684.95,Samsung Galaxy Tab,"10.4"" display with minimal bezel and maximum view",2f6df218-c425-4b2f-baec-f6aaf6cbc5cc,Electronics,2024-03-13,Timothy Hughes
786.75,JBL Flip 5,Portable waterproof Bluetooth speaker,3146d8b4-eb4a-43ae-b037-b67f634d5f63,Electronics,2023-03-14,James Taylor
476.73,GoPro HERO10,5.3K video and 23MP photos with revolutionary processor,104a0092-7edf-49b0-bd4a-38cb770c711b,Electronics,2023-02-16,Jennifer Diaz
496.78,Fitbit Charge 5,Advanced fitness tracker with stress management tools,bcdd16b8-58c3-42b9-8b22-db0b0a9c8e5b,Electronics,2023-01-05,James Taylor
902.4,Sony WH-1000XM4,Industry-leading noise cancellation headphones,c7daf92c-0d28-41ce-9140-eb157730f62d,Electronics,2023-08-15,Timothy Hughes
491.3,Bose Noise Cancelling Headphones 700,Premium wireless headphones with adaptive noise cancelling,b0850f90-239e-4a7a-8f39-5f81c3df6f1b,Electronics,2022-08-23,Matthew Carter
424.89,Apple MacBook Pro,"16"" display with M1 Pro chip and advanced thermal design",e57cb7dc-09a9-4fc1-878d-06e9fae1076d,Electronics,2022-07-05,William Moore
805.49,Sony WH-1000XM4,Industry-leading noise cancellation headphones,8c2e0a9d-5f38-438a-9234-c5d5c726d3e7,Electronics,2024-11-13,Timothy Hughes
281.79,Sony Alpha a6400 Mirrorless Camera,24.2MP APS-C Exmor sensor w/ advanced processing,30aab788-a26b-4767-b233-31d763c0f6b7,Electronics,2024-02-22,Victor Collins
427.81,iPad Pro,"12.9"" Liquid Retina XDR display with M1 chip",7930eb26-5864-4056-aa66-942694db42dd,Electronics,2023-09-07,Crystal Stewart
672.52,Anker PowerCore 20000,Ultra-high capacity portable charger with fast charging,7fa6183e-5744-4651-866b-2b8c5a827617,Electronics,2022-06-23,Angela Watson
260.77,Samsung QLED TV,4K UHD Smart TV with Quantum Dot technology,0e17fbc3-1785-4eae-b72f-d56c5a00524c,Electronics,2022-02-19,Elizabeth Hall
998.8,JBL Flip 5,Portable waterproof Bluetooth speaker,bb44d67b-97de-42a5-9b72-96b4402461c9,Electronics,2023-12-29,James Taylor
345.96,Sony WH-1000XM4,Industry-leading noise cancellation headphones,2591960b-5b94-42b3-b448-10457585ae13,Electronics,2023-12-09,Victor Collins
762.23,Logitech MX Master 3,Advanced wireless mouse with ergonomic design,8bf0678e-c607-448c-88d2-82d5eb75c8be,Electronics,2022-07-28,Mia Thompson
385.99,Anker PowerCore 20000,Ultra-high capacity portable charger with fast charging,6529733b-d764-4b3e-b4b5-d65975e092d5,Electronics,2024-01-16,Jennifer Diaz
910.09,Dell XPS 13,"13.3"" UHD display with 11th Gen Intel Core processor",0daeb7e5-bcb5-4cbd-8404-0d49f9585066,Electronics,2023-04-03,Sophia Morgan
178.67,Samsung QLED TV,4K UHD Smart TV with Quantum Dot technology,28ad5200-5ba9-4e32-8438-3de34155d43a,Electronics,2024-04-29,Sophia Morgan
951.39,Logitech MX Master 3,Advanced wireless mouse with ergonomic design,6a143277-6104-4e06-aa11-a8f75993a7c8,Electronics,2024-01-22,Jennifer Diaz
935.98,JBL Flip 5,Portable waterproof Bluetooth speaker,182df0a2-8f5c-4334-bf19-f2bd13c7e78b,Electronics,2022-02-24,Elizabeth Hall
421.45,Apple MacBook Pro,"16"" display with M1 Pro chip and advanced thermal design",2189c00b-43db-4bbc-ade4-ffafe4baeead,Electronics,2024-10-04,Mia Thompson
929.67,JBL Flip 5,Portable waterproof Bluetooth speaker,2c944b19-6bc5-4470-bb52-eebbf04b4413,Electronics,2024-09-07,William Moore
409.16,Samsung QLED TV,4K UHD Smart TV with Quantum Dot technology,f07d64b6-96b7-448f-9795-f65b0cb310d0,Electronics,2023-01-08,Benjamin Lee
511.6,Dyson V11 Vacuum,Cordless stick vacuum with powerful suction,698c031f-7bc9-46e3-8174-9e8e34b4fba5,Electronics,2022-08-03,Benjamin Lee
368.02,JBL Flip 5,Portable waterproof Bluetooth speaker,9f7266a1-4ca8-4178-afc9-0fdfffa06c16,Electronics,2023-09-11,Olivia Perez
323.81,Ring Video Doorbell,1080p HD video doorbell with motion detection,f5bd9d8b-b1e4-4b81-a129-efa0c387ae22,Electronics,2024-10-07,Mia Thompson
610.17,Anker PowerCore 20000,Ultra-high capacity portable charger with fast charging,d7bfa712-be69-45ec-aa3c-17bd96aee03e,Electronics,2024-05-09,Benjamin Lee
510.93,Nikon D7500 DSLR,20.9MP sensor with 4K UHD video capabilities,1be2deda-a7a5-44e7-92bd-a415e5053a02,Electronics,2023-09-01,Chloe Harris
285.96,Nikon D7500 DSLR,20.9MP sensor with 4K UHD video capabilities,001bd310-c4a0-4da8-9a16-6c846b7eeed0,Electronics,2023-03-19,Timothy Hughes
171.73,iPad Pro,"12.9"" Liquid Retina XDR display with M1 chip",58b54c5f-e624-4e58-921e-4db0fab8c63d,Electronics,2024-02-18,Crystal Stewart
